BrandCode,BrandName,CatalogueCode,CatalogueName,CategoryCode,CategoryName,MainImage,ModelNumber,Offer,ProductName,RatingValue,RegularPrice,SKU,StockAvailability,URL,VendorCode,reviews
,,,Mobile Phones,,Mobile Phones,,,0,,0,0,B0CB4F258K,True,https://www.amazon.ae/HONOR-Smartphone-Display-Battery-Warranty/dp/B0CB4F258K/ref=sr_1_9?dib=eyJ2IjoiMSJ9.vqfw8ItWtWVh3Q3eoeFE4u0lHTj2P24Pk6mNqGMyhzLKimglQA9DB_UrdTpdZGTtORMTbg58-1MrSP8IEFtYmHRMnvTaMp7WnSlVXYuoWcO3aVhZT7ub4xalmyjihKcZe28-N9Lz8DIZ4rwY4ZdIzAdz2TezL-nAQdZG3fhbaMRetIadamHY63T6TwO2ykjoRwcZOGfJpXp9yhsmhwaUu5HRW7bYx8E8IPVneXPqChYX-u2kFpE22EqJSscnfKPDAxGuS6csEhNzHRcWuXKnP-5wNhn8-FbHCUmGL0-i4QE.7uuzC4FY8hsTm4_clZnCRYViPL7bAycQl7KC5alxCGA&dib_tag=se&qid=1713857699&s=electronics&sr=1-9,11,
,,,Mobile Phones,,Mobile Phones,https://m.media-amazon.com/images/I/81YSmKnlijL.__AC_SY445_SX342_QL70_ML2_.jpg,,4449.0,Apple iPhone 15 Pro Max (256 GB) - Natural Titanium,4.6,5099.0,B0CHXLGXHQ,True,https://www.amazon.ae/Apple-iPhone-Pro-Max-256/dp/B0CHXLGXHQ/ref=sr_1_1?dib=eyJ2IjoiMSJ9.vqfw8ItWtWVh3Q3eoeFE4u0lHTj2P24Pk6mNqGMyhzLKimglQA9DB_UrdTpdZGTtORMTbg58-1MrSP8IEFtYmHRMnvTaMp7WnSlVXYuoWcO3aVhZT7ub4xalmyjihKcZe28-N9Lz8DIZ4rwY4ZdIzAdz2TezL-nAQdZG3fhbaMRetIadamHY63T6TwO2ykjoRwcZOGfJpXp9yhsmhwaUu5HRW7bYx8E8IPVneXPqChYX-u2kFpE22EqJSscnfKPDAxGuS6csEhNzHRcWuXKnP-5wNhn8-FbHCUmGL0-i4QE.7uuzC4FY8hsTm4_clZnCRYViPL7bAycQl7KC5alxCGA&dib_tag=se&qid=1713857699&s=electronics&sr=1-1,11,"[{'Comment': 'Working perfectly fine and loved the natural titanium color so muchüòç', 'Source': '', 'CommentDate': '2024-04-08', 'rating': 5.0, 'max_rating': 5, 'average_rating': 4.6}, {'Comment': 'Fast delivery. Fresh product.', 'Source': '', 'CommentDate': '2024-04-02', 'rating': 5.0, 'max_rating': 5, 'average_rating': 4.6}, {'Comment': 'All good!', 'Source': '', 'CommentDate': '2024-04-14', 'rating': 5.0, 'max_rating': 5, 'average_rating': 4.6}, {'Comment': 'Best phone ever', 'Source': '', 'CommentDate': '2024-04-12', 'rating': 5.0, 'max_rating': 5, 'average_rating': 4.6}, {'Comment': 'The iPhone 15 Pro Max stunning design, exceptional camera system, and lightning-fast performance make it a standout choice.', 'Source': '', 'CommentDate': '2024-03-03', 'rating': 5.0, 'max_rating': 5, 'average_rating': 4.6}, {'Comment': 'Product is good but Amazon delivery very bad I have it on camera he is playing with the box throw up and catch the the phone box fall down to the floor‚Ä¶.', 'Source': '', 'CommentDate': '2024-04-06', 'rating': 4.0, 'max_rating': 5, 'average_rating': 4.6}, {'Comment': 'Quality Product', 'Source': '', 'CommentDate': '2024-04-14', 'rating': 5.0, 'max_rating': 5, 'average_rating': 4.6}, {'Comment': 'It was amazing performance', 'Source': '', 'CommentDate': '2024-04-05', 'rating': 5.0, 'max_rating': 5, 'average_rating': 4.6}, {'Comment': 'It‚Äôs good but sometimes it will hang..', 'Source': '', 'CommentDate': '2024-04-19', 'rating': 5.0, 'max_rating': 5, 'average_rating': 4.6}, {'Comment': 'ÿßŸÑŸÖŸÜÿ™ÿ¨ ÿßÿµŸÑŸä Ÿàÿ≠ŸÇŸäŸÇŸä ŸÖŸÜ ÿßÿ®ŸÑ.', 'Source': '', 'CommentDate': '2024-04-16', 'rating': 5.0, 'max_rating': 5, 'average_rating': 4.6}]"
,,,Mobile Phones,,Mobile Phones,https://m.media-amazon.com/images/I/61ERH+yIyiL._AC_SX300_SY300_.jpg,,1339.0,"Samsung Galaxy A55 5G, Android Smartphone, Dual SIM Mobile Phone, 8GB RAM, 256GB Storage, Awesome Navy (UAE Version)",4.2,1549.0,B0CX95ZJMZ,True,https://www.amazon.ae/Samsung-Android%D8%8C-%D8%A7%D9%84%D8%B4%D8%B1%D9%8A%D8%AD%D8%A9%D8%8C-%D8%A7%D9%84%D8%A5%D9%85%D8%A7%D8%B1%D8%A7%D8%AA-%D8%A7%D9%84%D9%85%D8%AA%D9%91%D8%AD%D8%AF%D8%A9/dp/B0CX95ZJMZ/ref=sr_1_8?dib=eyJ2IjoiMSJ9.vqfw8ItWtWVh3Q3eoeFE4u0lHTj2P24Pk6mNqGMyhzLKimglQA9DB_UrdTpdZGTtORMTbg58-1MrSP8IEFtYmHRMnvTaMp7WnSlVXYuoWcO3aVhZT7ub4xalmyjihKcZe28-N9Lz8DIZ4rwY4ZdIzAdz2TezL-nAQdZG3fhbaMRetIadamHY63T6TwO2ykjoRwcZOGfJpXp9yhsmhwaUu5HRW7bYx8E8IPVneXPqChYX-u2kFpE22EqJSscnfKPDAxGuS6csEhNzHRcWuXKnP-5wNhn8-FbHCUmGL0-i4QE.7uuzC4FY8hsTm4_clZnCRYViPL7bAycQl7KC5alxCGA&dib_tag=se&qid=1713857699&s=electronics&sr=1-8,11,"[{'Comment': 'Device is fast looks premium feels good in hand', 'Source': '', 'CommentDate': '2024-04-06', 'rating': 5.0, 'max_rating': 5, 'average_rating': 4.2}, {'Comment': 'Great Device,', 'Source': '', 'CommentDate': '2024-04-19', 'rating': 4.0, 'max_rating': 5, 'average_rating': 4.2}, {'Comment': 'Super', 'Source': '', 'CommentDate': '2024-04-16', 'rating': 5.0, 'max_rating': 5, 'average_rating': 4.2}, {'Comment': 'Samsung pay is not supported', 'Source': '', 'CommentDate': '2024-04-06', 'rating': 1.0, 'max_rating': 5, 'average_rating': 4.2}, {'Comment': 'Nice product', 'Source': '', 'CommentDate': '2024-04-11', 'rating': 5.0, 'max_rating': 5, 'average_rating': 4.2}, {'Comment': 'Looking cool, fast deleverd, excelenet service', 'Source': '', 'CommentDate': '2024-04-08', 'rating': 4.0, 'max_rating': 5, 'average_rating': 4.2}, {'Comment': 'Only one day use good looking', 'Source': '', 'CommentDate': '2024-04-05', 'rating': 5.0, 'max_rating': 5, 'average_rating': 4.2}, {'Comment': 'Good', 'Source': '', 'CommentDate': '2024-03-27', 'rating': 5.0, 'max_rating': 5, 'average_rating': 4.2}, {'Comment': 'Very good', 'Source': '', 'CommentDate': '2024-04-14', 'rating': 0.0, 'max_rating': 5, 'average_rating': 4.2}, {'Comment': 'ŸÖ ÿßŸÜÿµÿ≠ ŸÅŸäŸá ÿßÿ®ÿØÿß ŸÜÿØŸÖÿ™ ÿßŸÜŸä ÿßÿÆÿ∞ÿ™Ÿá', 'Source': '', 'CommentDate': '2024-04-04', 'rating': 0.0, 'max_rating': 5, 'average_rating': 4.2}]"
,,,Mobile Phones,,Mobile Phones,https://m.media-amazon.com/images/I/71EYdOx09+L._AC_SY300_SX300_.jpg,,3077.0,"Samsung Galaxy S23 Ultra, AI Phone, Dual SIM, 5G, Android Smartphone, 256GB, Green (UAE Version)",4.5,4949.0,B0BSLF1ZN4,True,https://www.amazon.ae/Samsung-Galaxy-Android-Smartphone-Version/dp/B0BSLF1ZN4/ref=sr_1_7?dib=eyJ2IjoiMSJ9.vqfw8ItWtWVh3Q3eoeFE4u0lHTj2P24Pk6mNqGMyhzLKimglQA9DB_UrdTpdZGTtORMTbg58-1MrSP8IEFtYmHRMnvTaMp7WnSlVXYuoWcO3aVhZT7ub4xalmyjihKcZe28-N9Lz8DIZ4rwY4ZdIzAdz2TezL-nAQdZG3fhbaMRetIadamHY63T6TwO2ykjoRwcZOGfJpXp9yhsmhwaUu5HRW7bYx8E8IPVneXPqChYX-u2kFpE22EqJSscnfKPDAxGuS6csEhNzHRcWuXKnP-5wNhn8-FbHCUmGL0-i4QE.7uuzC4FY8hsTm4_clZnCRYViPL7bAycQl7KC5alxCGA&dib_tag=se&qid=1713857699&s=electronics&sr=1-7,11,"[{'Comment': 'Sealed, well packed, perfect condition and delivered within two days to my doorstep. The phone is amazing and the battery can last for more than one day, dual actual sim cards and an outstanding camera. Nothing to complain about.', 'Source': '', 'CommentDate': '2024-04-17', 'rating': 5.0, 'max_rating': 5, 'average_rating': 4.5}, {'Comment': ""I'm glad I found a smartphone phone with the newest features and a decent camera."", 'Source': '', 'CommentDate': '2024-04-08', 'rating': 5.0, 'max_rating': 5, 'average_rating': 4.5}, {'Comment': 'Battery, performance,  cameras and operating system.. its a great package', 'Source': '', 'CommentDate': '2024-03-06', 'rating': 5.0, 'max_rating': 5, 'average_rating': 4.5}, {'Comment': 'Being an iPhone user, I tried this phone out of curiosity and it amazed me with its display and speed. Its a great phone to begin with.', 'Source': '', 'CommentDate': '2024-03-28', 'rating': 4.0, 'max_rating': 5, 'average_rating': 4.5}, {'Comment': 'Amazing Experience', 'Source': '', 'CommentDate': '2024-04-09', 'rating': 5.0, 'max_rating': 5, 'average_rating': 4.5}, {'Comment': 'Bought this for my friend.. its fast runs smoothly premium looking... For android user this one i can recommend...', 'Source': '', 'CommentDate': '2024-03-14', 'rating': 5.0, 'max_rating': 5, 'average_rating': 4.5}, {'Comment': 'great screen, long battery, good options, sound is good as well. i must recommend this product. delivery was  good also and box was in good condition. only issue is amazon should delivery these products fast because it taking one and half day to receive delivery.', 'Source': '', 'CommentDate': '2024-03-13', 'rating': 5.0, 'max_rating': 5, 'average_rating': 4.5}, {'Comment': 'Good Phone', 'Source': '', 'CommentDate': '2024-04-18', 'rating': 4.0, 'max_rating': 5, 'average_rating': 4.5}, {'Comment': 'Good', 'Source': '', 'CommentDate': '2024-04-19', 'rating': 5.0, 'max_rating': 5, 'average_rating': 4.5}, {'Comment': 'It was same product and original', 'Source': '', 'CommentDate': '2024-04-12', 'rating': 5.0, 'max_rating': 5, 'average_rating': 4.5}]"
,,,Mobile Phones,,Mobile Phones,https://m.media-amazon.com/images/I/61TbaDn9AgS.__AC_SY445_SX342_QL70_ML2_.jpg,,64.0,Apple 20W USB-C Power Adapter,4.7,79.0,B08L85KDV5,True,https://www.amazon.ae/Apple-20W-USB-C-Power-Adapter/dp/B08L85KDV5/ref=sr_1_5?dib=eyJ2IjoiMSJ9.vqfw8ItWtWVh3Q3eoeFE4u0lHTj2P24Pk6mNqGMyhzLKimglQA9DB_UrdTpdZGTtORMTbg58-1MrSP8IEFtYmHRMnvTaMp7WnSlVXYuoWcO3aVhZT7ub4xalmyjihKcZe28-N9Lz8DIZ4rwY4ZdIzAdz2TezL-nAQdZG3fhbaMRetIadamHY63T6TwO2ykjoRwcZOGfJpXp9yhsmhwaUu5HRW7bYx8E8IPVneXPqChYX-u2kFpE22EqJSscnfKPDAxGuS6csEhNzHRcWuXKnP-5wNhn8-FbHCUmGL0-i4QE.7uuzC4FY8hsTm4_clZnCRYViPL7bAycQl7KC5alxCGA&dib_tag=se&qid=1713857699&s=electronics&sr=1-5,11,"[{'Comment': 'Having purchased the Apple 20W USB-C Power Adapter from Amazon for the fourth time, I can confidently say that this product continues to impress with its quality and performance.', 'Source': '', 'CommentDate': '2024-03-16', 'rating': 5.0, 'max_rating': 5, 'average_rating': 4.7}, {'Comment': ""The Apple 20W USB-C Power Adapter has seamlessly integrated itself into my daily tech routine over the past eight months, and I'm compelled to share my positive experience. In a market flooded with charging options, this adapter stands out for its reliability and performance."", 'Source': '', 'CommentDate': '2024-03-02', 'rating': 5.0, 'max_rating': 5, 'average_rating': 4.7}, {'Comment': 'I recently purchased the Apple 20W USB-C Power Adapter, and it has exceeded my expectations in every way. The sleek, compact design makes it perfect for travel, easily fitting into any bag or even a pocket. Its build quality is exceptional, a hallmark of Apple products, ensuring durability and longevity.', 'Source': '', 'CommentDate': '2023-11-20', 'rating': 5.0, 'max_rating': 5, 'average_rating': 4.7}, {'Comment': 'I works well', 'Source': '', 'CommentDate': '2024-02-26', 'rating': 4.0, 'max_rating': 5, 'average_rating': 4.7}, {'Comment': 'Because this adapter for my phone too much helpfully, speed charging, all is gooüòä', 'Source': '', 'CommentDate': '2024-04-17', 'rating': 5.0, 'max_rating': 5, 'average_rating': 4.7}, {'Comment': 'The power adapter is great for charging my iPhone; it support fast charging.', 'Source': '', 'CommentDate': '2024-03-16', 'rating': 5.0, 'max_rating': 5, 'average_rating': 4.7}, {'Comment': 'Great', 'Source': '', 'CommentDate': '2024-04-07', 'rating': 5.0, 'max_rating': 5, 'average_rating': 4.7}, {'Comment': 'Worth the price!', 'Source': '', 'CommentDate': '2024-03-30', 'rating': 5.0, 'max_rating': 5, 'average_rating': 4.7}, {'Comment': 'It‚Äôs original in my opinion‚Ä¶ feels like it.', 'Source': '', 'CommentDate': '2024-04-09', 'rating': 5.0, 'max_rating': 5, 'average_rating': 4.7}, {'Comment': 'Good', 'Source': '', 'CommentDate': '2024-04-19', 'rating': 5.0, 'max_rating': 5, 'average_rating': 4.7}]"
,,,Mobile Phones,,Mobile Phones,https://m.media-amazon.com/images/I/51wJyyfrVXL.__AC_SY445_SX342_QL70_ML2_.jpg,,609.0,"Apple AirPods (3rd generation) with Lightning Charging Case, Wireless",4.5,719.0,B0BDKB96DD,True,https://www.amazon.ae/Apple-generation-Lightning-Charging-Wireless/dp/B0BDKB96DD/ref=sr_1_4?dib=eyJ2IjoiMSJ9.vqfw8ItWtWVh3Q3eoeFE4u0lHTj2P24Pk6mNqGMyhzLKimglQA9DB_UrdTpdZGTtORMTbg58-1MrSP8IEFtYmHRMnvTaMp7WnSlVXYuoWcO3aVhZT7ub4xalmyjihKcZe28-N9Lz8DIZ4rwY4ZdIzAdz2TezL-nAQdZG3fhbaMRetIadamHY63T6TwO2ykjoRwcZOGfJpXp9yhsmhwaUu5HRW7bYx8E8IPVneXPqChYX-u2kFpE22EqJSscnfKPDAxGuS6csEhNzHRcWuXKnP-5wNhn8-FbHCUmGL0-i4QE.7uuzC4FY8hsTm4_clZnCRYViPL7bAycQl7KC5alxCGA&dib_tag=se&qid=1713857699&s=electronics&sr=1-4,11,"[{'Comment': '\uf8ff quality is always awesome', 'Source': '', 'CommentDate': '2024-04-17', 'rating': 5.0, 'max_rating': 5, 'average_rating': 4.5}, {'Comment': 'I will never settle for less when it comes to music! Amazing buy', 'Source': '', 'CommentDate': '2024-04-07', 'rating': 5.0, 'max_rating': 5, 'average_rating': 4.5}, {'Comment': 'Nice product', 'Source': '', 'CommentDate': '2024-04-07', 'rating': 5.0, 'max_rating': 5, 'average_rating': 4.5}, {'Comment': 'I can‚Äôt even say budget cause they are still pretty overpriced compared to its competitors but it‚Äôs great overall and it‚Äôs Apple.', 'Source': '', 'CommentDate': '2024-02-20', 'rating': 4.0, 'max_rating': 5, 'average_rating': 4.5}, {'Comment': 'Wow, it‚Äôs looks like the original', 'Source': '', 'CommentDate': '2024-04-04', 'rating': 5.0, 'max_rating': 5, 'average_rating': 4.5}, {'Comment': 'It‚Äôs very convenient to use and value for money when I bought it on a discounted price.', 'Source': '', 'CommentDate': '2024-03-13', 'rating': 5.0, 'max_rating': 5, 'average_rating': 4.5}, {'Comment': 'ÿßŸÑŸÖŸÅÿ±Ÿàÿ∂ ÿßŸÜ ÿ™ŸÉŸàŸÜ ÿßŸÑÿ≥ŸÖÿßÿπÿ© ÿ¨ÿØŸäÿØÿ© ÿå ŸàŸÑŸÉŸÜ ÿßŸÑÿ∏ÿßŸáÿ± ÿßŸÜ ÿµŸÜÿØŸàŸÇ ŸÇÿØ ÿ™ŸÖ ŸÅÿ™ÿ≠Ÿá ŸÖŸÜ ŸÇÿ®ŸÑ ÿ¥ÿÆÿµ ŸäÿØÿπŸâ asif , ŸàÿπŸÜÿØ ÿ±ÿ®ÿ∑ ÿßŸÑÿ≥ŸÖÿßÿπŸá ÿ®ÿßŸÑŸáÿßÿ™ŸÅ Ÿäÿ∏Ÿáÿ± ÿßÿ≥ŸÖ ÿßŸÑÿ¥ÿÆÿµ ÿßŸÑŸÖÿ≥ÿ™ÿÆÿØŸÖ ÿ≠ÿ™Ÿâ ÿßŸÜ ÿßŸÑŸÑÿßÿµŸÇ ÿßŸÑÿ∞Ÿä Ÿäÿ£ÿ™Ÿä ÿÆŸÑŸÅ ÿßŸÑÿπŸÑÿ®ÿ© ÿ™ŸÖ ÿßÿπÿßÿØÿ© Ÿàÿ∂ÿπŸá ŸÖÿ±Ÿá ÿ´ÿßŸÜŸäÿ© ŸàŸÑŸäÿ¥ ŸáŸà ÿßŸÑŸÖŸÑÿµŸÇ ÿßŸÑÿßÿµŸÑŸä ÿßŸÑÿ∞Ÿä ŸäŸÉŸàŸÜ ŸÖŸÜ ŸÖŸÜ ÿßŸÑŸÖÿµŸÜÿπ ŸàŸáŸà ŸÖŸÜ ÿßŸÑŸÖŸÅÿ±Ÿàÿ∂ ÿßŸÜ ÿ™ŸÉŸàŸÜ ÿßŸÑÿ≥ŸÖÿßÿπÿ© ÿ¨ÿØŸäÿØ ŸàŸÑŸÖ Ÿäÿ™ŸÖ ÿßÿ≥ÿ™ÿÆÿØÿßŸÖŸáÿß', 'Source': '', 'CommentDate': '2024-04-08', 'rating': 1.0, 'max_rating': 5, 'average_rating': 4.5}, {'Comment': 'Good gift for everyone', 'Source': '', 'CommentDate': '2024-04-05', 'rating': 5.0, 'max_rating': 5, 'average_rating': 4.5}, {'Comment': 'Nice', 'Source': '', 'CommentDate': '2024-04-12', 'rating': 4.0, 'max_rating': 5, 'average_rating': 4.5}, {'Comment': 'All good', 'Source': '', 'CommentDate': '2024-03-13', 'rating': 4.0, 'max_rating': 5, 'average_rating': 4.5}]"
,,,Mobile Phones,,Mobile Phones,https://m.media-amazon.com/images/I/81gTH9iEn+L._AC_SX342_SY445_.jpg,,4099.0,Apple iPhone 15 Pro (256 GB) - Natural Titanium,4.6,4699.0,B0CHX78QDZ,True,https://www.amazon.ae/Apple-iPhone-15-Pro-256/dp/B0CHX78QDZ/ref=sr_1_3?dib=eyJ2IjoiMSJ9.vqfw8ItWtWVh3Q3eoeFE4u0lHTj2P24Pk6mNqGMyhzLKimglQA9DB_UrdTpdZGTtORMTbg58-1MrSP8IEFtYmHRMnvTaMp7WnSlVXYuoWcO3aVhZT7ub4xalmyjihKcZe28-N9Lz8DIZ4rwY4ZdIzAdz2TezL-nAQdZG3fhbaMRetIadamHY63T6TwO2ykjoRwcZOGfJpXp9yhsmhwaUu5HRW7bYx8E8IPVneXPqChYX-u2kFpE22EqJSscnfKPDAxGuS6csEhNzHRcWuXKnP-5wNhn8-FbHCUmGL0-i4QE.7uuzC4FY8hsTm4_clZnCRYViPL7bAycQl7KC5alxCGA&dib_tag=se&qid=1713857699&s=electronics&sr=1-3,11,"[{'Comment': ""It's is more cheaper than in the mall and store and all are original I don't regret buying iPhone from Amazon.. always best and trusted...... people say rumours that they don't trust online but Amazon is always trusted...."", 'Source': '', 'CommentDate': '2024-04-05', 'rating': 5.0, 'max_rating': 5, 'average_rating': 4.6}, {'Comment': 'The from Amazon was fast and good. The phone arrived in good condition, brand new and unsealed.', 'Source': '', 'CommentDate': '2024-02-07', 'rating': 5.0, 'max_rating': 5, 'average_rating': 4.6}, {'Comment': 'Bought this with an exchange offer. Before-time delivery. Product in top shape.', 'Source': '', 'CommentDate': '2024-04-17', 'rating': 5.0, 'max_rating': 5, 'average_rating': 4.6}, {'Comment': 'As a first-time iPhone user, buying online was a breeze. The process was smooth, and the delivery was prompt. The iPhone itself exceeded my expectations with its sleek design, intuitive interface, and impressive performance. Transitioning from another platform was seamless, thanks to the user-friendly setup process. Overall, a fantastic experience that has converted me into a loyal iPhone user.', 'Source': '', 'CommentDate': '2024-04-07', 'rating': 5.0, 'max_rating': 5, 'average_rating': 4.6}, {'Comment': 'Original product perfect color I m in love with this phone ü•∞', 'Source': '', 'CommentDate': '2024-03-31', 'rating': 5.0, 'max_rating': 5, 'average_rating': 4.6}, {'Comment': 'Good performance so far , fantastic gaming experience. Camera and videography, one of the best your device will provide.', 'Source': '', 'CommentDate': '2024-01-25', 'rating': 4.0, 'max_rating': 5, 'average_rating': 4.6}, {'Comment': ""It's a good phone if your upgrading from a older version, not a lot of difference compared to 14 pro."", 'Source': '', 'CommentDate': '2024-04-13', 'rating': 5.0, 'max_rating': 5, 'average_rating': 4.6}, {'Comment': 'Excellent', 'Source': '', 'CommentDate': '2024-04-05', 'rating': 5.0, 'max_rating': 5, 'average_rating': 4.6}, {'Comment': 'Good', 'Source': '', 'CommentDate': '2024-04-19', 'rating': 5.0, 'max_rating': 5, 'average_rating': 4.6}, {'Comment': 'Excellent', 'Source': '', 'CommentDate': '2024-04-19', 'rating': 5.0, 'max_rating': 5, 'average_rating': 4.6}]"
,,,Mobile Phones,,Mobile Phones,https://m.media-amazon.com/images/I/71WkqFssobL.__AC_SX300_SY300_QL70_ML2_.jpg,,3725.0,"SAMSUNG Galaxy S24 Ultra, AI Phone, 256GB Storage, Titanium Gray, 12GB RAM, Android Smartphone, 200MP Camera, S Pen, Long Battery Life (UAE Version)",4.1,5099.0,B0CQYY4QXF,True,https://www.amazon.ae/SAMSUNG-Storage-Titanium-Android-Smartphone/dp/B0CQYY4QXF/ref=sr_1_2?dib=eyJ2IjoiMSJ9.vqfw8ItWtWVh3Q3eoeFE4u0lHTj2P24Pk6mNqGMyhzLKimglQA9DB_UrdTpdZGTtORMTbg58-1MrSP8IEFtYmHRMnvTaMp7WnSlVXYuoWcO3aVhZT7ub4xalmyjihKcZe28-N9Lz8DIZ4rwY4ZdIzAdz2TezL-nAQdZG3fhbaMRetIadamHY63T6TwO2ykjoRwcZOGfJpXp9yhsmhwaUu5HRW7bYx8E8IPVneXPqChYX-u2kFpE22EqJSscnfKPDAxGuS6csEhNzHRcWuXKnP-5wNhn8-FbHCUmGL0-i4QE.7uuzC4FY8hsTm4_clZnCRYViPL7bAycQl7KC5alxCGA&dib_tag=se&qid=1713857699&s=electronics&sr=1-2,11,"[{'Comment': 'Bought this 20 days back and loved this phone, the features to the core. Camera zoom quality and every bit of experience be it the audio, the video, the call experience till date has been great. Screen size, the stylus pen and the AI based tech too superb! Go for it.', 'Source': '', 'CommentDate': '2024-04-17', 'rating': 5.0, 'max_rating': 5, 'average_rating': 4.1}, {'Comment': 'Everything has passed smoothly. Phone was delivered on time. S24 plus works without any issue as expected.', 'Source': '', 'CommentDate': '2024-04-17', 'rating': 5.0, 'max_rating': 5, 'average_rating': 4.1}, {'Comment': 'This device was delivered safely, very amazing device !, great in every aspect i love the applications on samsung they are very well optimized, the device was sealed by samsung as it got here everything is as accurate i love it !', 'Source': '', 'CommentDate': '2024-03-31', 'rating': 5.0, 'max_rating': 5, 'average_rating': 4.1}, {'Comment': 'Great product but i dont get the 500aed vouches as said in the adds', 'Source': '', 'CommentDate': '2024-03-30', 'rating': 1.0, 'max_rating': 5, 'average_rating': 4.1}, {'Comment': ""It has been two weeks since I purchased the phone. Overall, the device performs exceptionally well, and the battery life is particularly impressive. The issue with the display, which was a concern for many people, still exists (the gray color on the screen looks grainy compared to older devices). It is not a significant issue for me (since I came from Note9), but it depends on whether you can live with it or not. So far, the colors are not as vibrant as previous devices even after the latest update, so if anyone decides to get this phone, compare it with the S23U and then decide if you can accept this or not. The AI features work similarly to how current AI works. It is not perfect, but it does work to some extent. Other than that it's a great phone that promises 7 years of updates with the latest processor. Given that it is still relatively new, we may anticipate the possibility that the screen issue is software-related and can be rectified through a software update. (The review's writing style was edited with AIü§∑\u200d‚ôÇÔ∏è)"", 'Source': '', 'CommentDate': '2024-04-20', 'rating': 4.0, 'max_rating': 5, 'average_rating': 4.1}, {'Comment': ""It's with latest technology, AI is the future, if you ate a android user it's a must have phone. Amazon delivery was quick ordered at 9pm and next day 8 am I had the phone. The phone was well packed and no damage. In all aspects the phone looks and feel awesome üëå,  the features of AI are tremendous and helpful. The battery life,camera and screen clarity is also amazing. Totally satisfied, can't ask anything else from Samsung."", 'Source': '', 'CommentDate': '2024-03-05', 'rating': 5.0, 'max_rating': 5, 'average_rating': 4.1}, {'Comment': 'The item was received in good condition, its exactly as shown in the picture and it functions well.', 'Source': '', 'CommentDate': '2024-04-10', 'rating': 5.0, 'max_rating': 5, 'average_rating': 4.1}, {'Comment': ""Mobile displays not that much of good, heating issues are there when I'm going to boot up or file transferring mobile getting heat, in samsung's app also not available in samsung store app."", 'Source': '', 'CommentDate': '2024-04-03', 'rating': 3.0, 'max_rating': 5, 'average_rating': 4.1}, {'Comment': ""My most concern is the battery, I don't think that it is normal to charge it 2x a day. And I'm still waiting for the 500 aed voucher it's been more than two weeks now and I still haven't receive it yet."", 'Source': '', 'CommentDate': '2024-04-12', 'rating': 4.0, 'max_rating': 5, 'average_rating': 4.1}, {'Comment': 'The phone was fine until it started overheating it pretty much frequently. I am not sure what is the issue but samsung customer service put apps to sleep to solve it but nothing happened. Going back to them again this week', 'Source': '', 'CommentDate': '2024-04-05', 'rating': 3.0, 'max_rating': 5, 'average_rating': 4.1}]"
,,,Mobile Phones,,Mobile Phones,https://m.media-amazon.com/images/I/617XOyDdTTL.__AC_SY445_SX342_QL70_ML2_.jpg,,363.0,Apple New Apple AirTag 4 pack,4.6,439.0,B093Z293ZN,True,https://www.amazon.ae/Apple-New-AirTag-pack/dp/B093Z293ZN/ref=sr_1_6?dib=eyJ2IjoiMSJ9.vqfw8ItWtWVh3Q3eoeFE4u0lHTj2P24Pk6mNqGMyhzLKimglQA9DB_UrdTpdZGTtORMTbg58-1MrSP8IEFtYmHRMnvTaMp7WnSlVXYuoWcO3aVhZT7ub4xalmyjihKcZe28-N9Lz8DIZ4rwY4ZdIzAdz2TezL-nAQdZG3fhbaMRetIadamHY63T6TwO2ykjoRwcZOGfJpXp9yhsmhwaUu5HRW7bYx8E8IPVneXPqChYX-u2kFpE22EqJSscnfKPDAxGuS6csEhNzHRcWuXKnP-5wNhn8-FbHCUmGL0-i4QE.7uuzC4FY8hsTm4_clZnCRYViPL7bAycQl7KC5alxCGA&dib_tag=se&qid=1713857699&s=electronics&sr=1-6,11,"[{'Comment': 'Its good if you are travelling you just put it in your luggage... and just use your i phone thats it....quality is what you expect from apple.... although my smart tag from samsung has more functionality, just note that airtag works only on iphone, smart tag only works with samsung. i have both.', 'Source': '', 'CommentDate': '2024-01-22', 'rating': 5.0, 'max_rating': 5, 'average_rating': 4.6}, {'Comment': 'Original product and good.', 'Source': '', 'CommentDate': '2024-03-14', 'rating': 5.0, 'max_rating': 5, 'average_rating': 4.6}, {'Comment': 'I travel alot and i cant travel without this product, keep my checked bagged tracked and keep me safe minded, it help me to insure my bags travailing with me or finding them in big airports', 'Source': '', 'CommentDate': '2024-04-10', 'rating': 5.0, 'max_rating': 5, 'average_rating': 4.6}, {'Comment': 'Very very useful  especially when you add to your luggage', 'Source': '', 'CommentDate': '2024-01-24', 'rating': 5.0, 'max_rating': 5, 'average_rating': 4.6}, {'Comment': ""Works as you'd expect, a great product but there's no need for it to be twice the price of competitors product. I have both apple and Samsung, and there is no noticable difference in their performance. In fact the new Samsung one has longer battery life"", 'Source': '', 'CommentDate': '2023-12-22', 'rating': 4.0, 'max_rating': 5, 'average_rating': 4.6}, {'Comment': 'Perfect', 'Source': '', 'CommentDate': '2024-04-10', 'rating': 5.0, 'max_rating': 5, 'average_rating': 4.6}, {'Comment': 'Super quick delivery of a well documented successful product.', 'Source': '', 'CommentDate': '2024-04-04', 'rating': 5.0, 'max_rating': 5, 'average_rating': 4.6}, {'Comment': 'Original', 'Source': '', 'CommentDate': '2024-03-20', 'rating': 5.0, 'max_rating': 5, 'average_rating': 4.6}, {'Comment': 'ÿßÿ®ŸÑ ÿµŸÜÿßÿπÿ™Ÿáÿß ÿ¨ŸäÿØÿ© ŸàŸÑŸÉŸÜ Ÿáÿ∞ÿß ÿßŸÑŸÖŸÜÿ™ÿ¨ ŸÑÿß Ÿäÿπÿ∑ŸäŸÉ ÿßŸÑÿ™ÿ™ÿ®ÿπ ÿßŸÑŸÖÿ®ÿßÿ¥ÿ± ÿßÿ∞ÿß ŸÉÿßŸÜ ŸÇÿµÿØŸÉ ÿßŸÜ ÿ™ÿ™ÿ®ÿπ ÿ¥Ÿä ÿÆÿßÿ±ÿ¨ ÿßŸÑŸÖŸÜÿ≤ŸÑ.', 'Source': '', 'CommentDate': '2024-03-29', 'rating': 5.0, 'max_rating': 5, 'average_rating': 4.6}, {'Comment': 'Packaging good. Excited to use. Thanks', 'Source': '', 'CommentDate': '2024-03-16', 'rating': 5.0, 'max_rating': 5, 'average_rating': 4.6}]"
,,,Computers,,Computers,https://m.media-amazon.com/images/I/51XuNS7R-lL.__AC_SY300_SX300_QL70_ML2_.jpg,,224.99,"Crucial P3 1TB CT1000P3SSD8 PCIe 3.0, 3D NAND, NVMe, M.2 SSD, up to 3500MB/s, Black",4.6,0,B0B25LZGGW,True,https://www.amazon.ae/Crucial-CT1000P3SSD8-PCIe-3500MB-Black/dp/B0B25LZGGW/ref=sr_1_24?dib=eyJ2IjoiMSJ9.KmyNfDF5RhSkMmYaqKOoTOZtA0yGaLhrK8kWe_TeMrj3hIWsfqAph8hc4mYivWrZo-LOJz-Qi_uu2F4EXhD0G-ch1hnyokYfKwRHi6XO_323IlQ4eMWMR5HU0tEHm0plixhRTRqIxEquhwg1FGGHDRPUYuMgWH-QO25EyqWsLv7fwDeQDZpExAzAYNWiyjYwcH7tVs7JApjH78Bwla0RtX1GAcReY20F4NikjKMJG1jBoBN6HwJuRU3LEASzSfsX6DFAST5tu6thbGZINpvqKMj1TNebLgGrPqMQJz4YBHc.7NtQQNUhQ9-KOocZ7VDn4Zao58yLoyWIOYanDwR8sWs&dib_tag=se&qid=1713857705&s=computers&sr=1-24,11,"[{'Comment': '2 weeks running windows from this now with a smooth and much needed fast performance.', 'Source': '', 'CommentDate': '2024-04-15', 'rating': 5.0, 'max_rating': 5, 'average_rating': 4.6}, {'Comment': 'Fast delivery and good pric. Value for money', 'Source': '', 'CommentDate': '2024-03-13', 'rating': 5.0, 'max_rating': 5, 'average_rating': 4.6}, {'Comment': 'Of course, this SSD comes with all the caveats of any DRAM-less SSD. However, if you are aware of that then this is a very speedy and cheap device. If you plan to read/write for a long time, definitely get a heatsink too. It will throttle after a couple minutes. Crystal diskmark says approx 3300mb/s read and 3000mb/s write over 4x PCIe gen 3', 'Source': '', 'CommentDate': '2023-09-10', 'rating': 5.0, 'max_rating': 5, 'average_rating': 4.6}, {'Comment': 'Really good NVME SSD for the price. Works fantastic out of the box and outputs amazing read and write speeds for a GEN 3 SSD.', 'Source': '', 'CommentDate': '2023-11-24', 'rating': 4.0, 'max_rating': 5, 'average_rating': 4.6}, {'Comment': ""Installed this on my Dell G15 5515 Laptop (2022 Ryzen Edition), and I'm proud to say that this was my first time adding an upgrade to my PC :D On CrystalDiskMark 8 I got speeds of 3500-3600MB/s, which means that the SSD performs up to the speed as advertised. I use this SSD purely for the storage of games and there have been zero issues with this drive ever since I installed it. Highly recommend this model if your PC is on PCIe 3.0."", 'Source': '', 'CommentDate': '2023-12-15', 'rating': 5.0, 'max_rating': 5, 'average_rating': 4.6}, {'Comment': 'üëç', 'Source': '', 'CommentDate': '2024-03-29', 'rating': 5.0, 'max_rating': 5, 'average_rating': 4.6}, {'Comment': 'Good', 'Source': '', 'CommentDate': '2024-02-29', 'rating': 5.0, 'max_rating': 5, 'average_rating': 4.6}, {'Comment': ""i love it and i'm getting a 2tb one soon when i get my allowance :)"", 'Source': '', 'CommentDate': '2024-02-04', 'rating': 5.0, 'max_rating': 5, 'average_rating': 4.6}, {'Comment': 'ŸÖŸÜÿ™ÿ¨ ÿ¨ŸäÿØ ÿßŸÜÿµÿ≠ ÿ®Ÿá', 'Source': '', 'CommentDate': '2024-01-03', 'rating': 4.0, 'max_rating': 5, 'average_rating': 4.6}, {'Comment': 'upgraded my laptop storage with this and happy with it', 'Source': '', 'CommentDate': '2023-12-14', 'rating': 4.0, 'max_rating': 5, 'average_rating': 4.6}]"
,,,Computers,,Computers,https://m.media-amazon.com/images/I/71IT+pQ8zjL._AC_SY300_SX300_.jpg,,85.0,Hp 305 Black Original Ink Cartridge (1) + Hp 305 Tri-Color Original Ink Cartridge(1),4.3,90.0,B09BM6XRSN,True,https://www.amazon.ae/305-Black-Original-Cartridge-Tri-Color/dp/B09BM6XRSN/ref=sr_1_23?dib=eyJ2IjoiMSJ9.KmyNfDF5RhSkMmYaqKOoTOZtA0yGaLhrK8kWe_TeMrj3hIWsfqAph8hc4mYivWrZo-LOJz-Qi_uu2F4EXhD0G-ch1hnyokYfKwRHi6XO_323IlQ4eMWMR5HU0tEHm0plixhRTRqIxEquhwg1FGGHDRPUYuMgWH-QO25EyqWsLv7fwDeQDZpExAzAYNWiyjYwcH7tVs7JApjH78Bwla0RtX1GAcReY20F4NikjKMJG1jBoBN6HwJuRU3LEASzSfsX6DFAST5tu6thbGZINpvqKMj1TNebLgGrPqMQJz4YBHc.7NtQQNUhQ9-KOocZ7VDn4Zao58yLoyWIOYanDwR8sWs&dib_tag=se&qid=1713857705&s=computers&sr=1-23,11,"[{'Comment': 'Suitable for my printer', 'Source': '', 'CommentDate': '2024-03-24', 'rating': 5.0, 'max_rating': 5, 'average_rating': 4.3}, {'Comment': 'I want to say that the supplied cartridge is original and compatible to my printer.', 'Source': '', 'CommentDate': '2024-03-18', 'rating': 5.0, 'max_rating': 5, 'average_rating': 4.3}, {'Comment': 'Small values and huge prices', 'Source': '', 'CommentDate': '2024-03-21', 'rating': 4.0, 'max_rating': 5, 'average_rating': 4.3}, {'Comment': 'Good and genuine, great price compared to the shops', 'Source': '', 'CommentDate': '2022-12-01', 'rating': 5.0, 'max_rating': 5, 'average_rating': 4.3}, {'Comment': 'Perfect', 'Source': '', 'CommentDate': '2023-12-30', 'rating': 5.0, 'max_rating': 5, 'average_rating': 4.3}, {'Comment': 'The color cartridge is OK but the black one is not working as the printer keeps showing error (E0) and empty tank. While inserting back the old one  the error stops and the status is just showing low ink.', 'Source': '', 'CommentDate': '2023-01-29', 'rating': 1.0, 'max_rating': 5, 'average_rating': 4.3}, {'Comment': 'Good value deal', 'Source': '', 'CommentDate': '2023-11-04', 'rating': 5.0, 'max_rating': 5, 'average_rating': 4.3}, {'Comment': 'üëçüèª', 'Source': '', 'CommentDate': '2024-03-20', 'rating': 3.0, 'max_rating': 5, 'average_rating': 4.3}, {'Comment': 'Nice', 'Source': '', 'CommentDate': '2023-07-13', 'rating': 4.0, 'max_rating': 5, 'average_rating': 4.3}, {'Comment': 'Working well', 'Source': '', 'CommentDate': '2023-03-25', 'rating': 4.0, 'max_rating': 5, 'average_rating': 4.3}]"
,,,Books,,Books,https://m.media-amazon.com/images/I/51afd7Iy8sL._SY445_SX342_.jpg,,0,A Good Girl'S Guide To Murder,4.7,0,1405293187,True,https://www.amazon.ae/Good-GirlS-Guide-Murder/dp/1405293187/ref=sr_1_16?dib=eyJ2IjoiMSJ9.AUqUVO3vjMk4vM0JVhwGC8QALrJtwWNHtw3NqX9v4bWUqAHInOmGRV7M0WfgxP5lTEHXb7uTTtCWH9hX1WkFX9DWmwZOwlnD4eDGg6Nd2_3w39e1wW_Cv9G07A4BquMsOR76kg3xL67_7o2VVrdJvnaQscS_QxMXw4iwXsyHRyTPSS1qJhgowaMZrkBHuUl4jg0KZlZ3ys-XCirc8LdETA-N41DGsrdWpYXas-DOTBY.z5T5QDvhzdlM0BpznWFeUpYGDsNtNaBq5ZNfzvzfakU&dib_tag=se&qid=1713857709&s=books&sr=1-16,11,"[{'Comment': 'Good quality pages', 'Source': '', 'CommentDate': '2024-03-17', 'rating': 5.0, 'max_rating': 5, 'average_rating': 4.7}, {'Comment': 'the book was such an amazing book and made me get really excited to read the next part !! 10/10 would recommend !!!!', 'Source': '', 'CommentDate': '2023-08-25', 'rating': 5.0, 'max_rating': 5, 'average_rating': 4.7}, {'Comment': 'the price is the best', 'Source': '', 'CommentDate': '2023-08-23', 'rating': 5.0, 'max_rating': 5, 'average_rating': 4.7}, {'Comment': 'Good', 'Source': '', 'CommentDate': '2023-09-18', 'rating': 4.0, 'max_rating': 5, 'average_rating': 4.7}, {'Comment': ""This is my first mystery book, and let me tell you, I didn't think I'd like it this much, but omg it's amazing!! When I finished the first book, I immediately went on Amazon and bought parts two and three, and the entire trilogy was interesting and had so many plot twists. Id say it's beginner friendly!"", 'Source': '', 'CommentDate': '2022-08-09', 'rating': 5.0, 'max_rating': 5, 'average_rating': 4.7}, {'Comment': 'Enjoyed the book and will continue with other books series ..', 'Source': '', 'CommentDate': '2023-02-20', 'rating': 5.0, 'max_rating': 5, 'average_rating': 4.7}, {'Comment': 'I received the book in an excellent condition no scratches, nothing. The story itself is excellent my only comment is I don‚Äôt like how pip started with the case directly since the first page.', 'Source': '', 'CommentDate': '2022-07-22', 'rating': 5.0, 'max_rating': 5, 'average_rating': 4.7}, {'Comment': 'This book is like one of my favorites. I really went into it without reading reviews about but at the end I loved the story and the characters. The plot twist was not expectedat all.', 'Source': '', 'CommentDate': '2022-04-08', 'rating': 5.0, 'max_rating': 5, 'average_rating': 4.7}, {'Comment': 'Not exactly the kind of mystery thriller I', 'Source': '', 'CommentDate': '2023-11-10', 'rating': 3.0, 'max_rating': 5, 'average_rating': 4.7}, {'Comment': 'I have read only a few chapters love the book so far but sadly i lost it so Mabey they should put a built in book tracker in the book so people like me wont lose it', 'Source': '', 'CommentDate': '2023-04-14', 'rating': 4.0, 'max_rating': 5, 'average_rating': 4.7}]"
,,,Books,,Books,https://m.media-amazon.com/images/I/41RhCDH1U7L._SY445_SX342_.jpg,,0,The Power of A Positive Attitude: Your Road To Success,4.4,0,9389432642,True,https://www.amazon.ae/Power-Positive-Attitude-Your-Success/dp/9389432642/ref=sr_1_15?dib=eyJ2IjoiMSJ9.AUqUVO3vjMk4vM0JVhwGC8QALrJtwWNHtw3NqX9v4bWUqAHInOmGRV7M0WfgxP5lTEHXb7uTTtCWH9hX1WkFX9DWmwZOwlnD4eDGg6Nd2_3w39e1wW_Cv9G07A4BquMsOR76kg3xL67_7o2VVrdJvnaQscS_QxMXw4iwXsyHRyTPSS1qJhgowaMZrkBHuUl4jg0KZlZ3ys-XCirc8LdETA-N41DGsrdWpYXas-DOTBY.z5T5QDvhzdlM0BpznWFeUpYGDsNtNaBq5ZNfzvzfakU&dib_tag=se&qid=1713857709&s=books&sr=1-15,11,"[{'Comment': 'Amazing quality paper. Thank you', 'Source': '', 'CommentDate': '2024-04-15', 'rating': 5.0, 'max_rating': 5, 'average_rating': 4.4}, {'Comment': 'I t is really good book for self improvement.', 'Source': '', 'CommentDate': '2024-01-29', 'rating': 4.0, 'max_rating': 5, 'average_rating': 4.4}, {'Comment': 'I loved it!', 'Source': '', 'CommentDate': '2024-01-04', 'rating': 5.0, 'max_rating': 5, 'average_rating': 4.4}, {'Comment': 'Really finished more than half of the book in just a week ... learnt many good things ...  bools like these are worth reading.', 'Source': '', 'CommentDate': '2023-08-15', 'rating': 5.0, 'max_rating': 5, 'average_rating': 4.4}, {'Comment': 'In an effort to improve a seemingly negative attitude in the workplace, I was tasked to read some books on having a positive attitude.  Naturally I did not do so with a good attitude . . . but this book was actually very well written and relatively motivational.  The author has some great concepts and techniques for improving your attitude that are not quite as absurd as you might think.  Was it worth the money?  Yeah . . . and I got to check off an item on my development plan for the year.  Double bonus for me!', 'Source': '', 'CommentDate': '2008-08-14', 'rating': 0.0, 'max_rating': 5, 'average_rating': 4.4}, {'Comment': ""Quality of book is good. It's reading experience is amazing. It's a relatable book and will surely help in personality improvement."", 'Source': '', 'CommentDate': '2023-12-28', 'rating': 0.0, 'max_rating': 5, 'average_rating': 4.4}, {'Comment': 'This book is really very helpful to discover yourself what is really you are made of and what else you can do in n your life. This is really amazing experience.', 'Source': '', 'CommentDate': '2023-12-07', 'rating': 0.0, 'max_rating': 5, 'average_rating': 4.4}, {'Comment': 'All in one in book', 'Source': '', 'CommentDate': '2024-03-17', 'rating': 0.0, 'max_rating': 5, 'average_rating': 4.4}, {'Comment': 'The quality of book is amazing nd literally worth it', 'Source': '', 'CommentDate': '2024-03-05', 'rating': 0.0, 'max_rating': 5, 'average_rating': 4.4}, {'Comment': 'LOVED IT', 'Source': '', 'CommentDate': '2024-04-19', 'rating': 0.0, 'max_rating': 5, 'average_rating': 4.4}]"
,,,Books,,Books,https://m.media-amazon.com/images/I/41aL70yoloL._SX342_SY445_.jpg,,0,Think and Grow Rich: THE 21st CENTURY EDITION,4.5,0,9389931525,True,https://www.amazon.ae/Think-Grow-Rich-21st-CENTURY/dp/9389931525/ref=sr_1_36?dib=eyJ2IjoiMSJ9.IR9szXeOIg4sYCxFIRlq-z_QJruM23Je1Tq4LKI85InlLwozqSOIagLl4Y04MmXj1P-CIQtwypvfHAqed1EDp6MApBkoPdpR_53AT8_TTf2RSHZ0g2q9pW7NtxdvIzTTfODYJrPoi-VoqT9jYqT3qJ6abuL7ghlciunNvw6S5iLL-7QHKG_eZTJ75PQTSvWNvt0STU87YXEvzIs-Yvp5jR8zWXYD3iltWPt8oKFPePE.4FOAaqsf1eu2XLB0hNdibzSb69LFNM1IyIPSYxN7fKg&dib_tag=se&qid=1713857720&s=books&sr=1-36,11,"[{'Comment': 'You want money u must learn from this book', 'Source': '', 'CommentDate': '2024-03-31', 'rating': 5.0, 'max_rating': 5, 'average_rating': 4.5}, {'Comment': 'Very good', 'Source': '', 'CommentDate': '2023-11-20', 'rating': 5.0, 'max_rating': 5, 'average_rating': 4.5}, {'Comment': ""I purchased this for my classes to use in teaching kids and also used it as gifts. It's absolutely perfect and comes at a great price."", 'Source': '', 'CommentDate': '2023-09-16', 'rating': 5.0, 'max_rating': 5, 'average_rating': 4.5}, {'Comment': ""I haven't finished the book yet but it's great."", 'Source': '', 'CommentDate': '2023-10-05', 'rating': 5.0, 'max_rating': 5, 'average_rating': 4.5}, {'Comment': 'Reading the book make you very close to several success stories with enough detai', 'Source': '', 'CommentDate': '2023-07-18', 'rating': 5.0, 'max_rating': 5, 'average_rating': 4.5}, {'Comment': 'good', 'Source': '', 'CommentDate': '2023-09-06', 'rating': 5.0, 'max_rating': 5, 'average_rating': 4.5}, {'Comment': 'I like to have a good knowledge and understanding of secrets of financial liberty.', 'Source': '', 'CommentDate': '2023-06-21', 'rating': 5.0, 'max_rating': 5, 'average_rating': 4.5}, {'Comment': 'I love reading it. And thank you for fast delivery', 'Source': '', 'CommentDate': '2023-06-22', 'rating': 5.0, 'max_rating': 5, 'average_rating': 4.5}, {'Comment': 'This is such a amazing book.', 'Source': '', 'CommentDate': '2023-10-06', 'rating': 5.0, 'max_rating': 5, 'average_rating': 4.5}, {'Comment': 'The knowledge of the book is too good üòä to aqure . And how to became successful in the life is writen the book by author Napoleon hill', 'Source': '', 'CommentDate': '2024-04-07', 'rating': 0.0, 'max_rating': 5, 'average_rating': 4.5}]"
,,,Books,,Books,https://m.media-amazon.com/images/I/51iUvaI2DgL._SY445_SX342_.jpg,,0,Intelligent Investor: The Definitive Book On Value Investing - A Book Of Practical Counsel,4.6,0,0060555661,True,https://www.amazon.ae/Intelligent-Investor-Definitive-Investing-Practical/dp/0060555661/ref=sr_1_35?dib=eyJ2IjoiMSJ9.IR9szXeOIg4sYCxFIRlq-z_QJruM23Je1Tq4LKI85InlLwozqSOIagLl4Y04MmXj1P-CIQtwypvfHAqed1EDp6MApBkoPdpR_53AT8_TTf2RSHZ0g2q9pW7NtxdvIzTTfODYJrPoi-VoqT9jYqT3qJ6abuL7ghlciunNvw6S5iLL-7QHKG_eZTJ75PQTSvWNvt0STU87YXEvzIs-Yvp5jR8zWXYD3iltWPt8oKFPePE.4FOAaqsf1eu2XLB0hNdibzSb69LFNM1IyIPSYxN7fKg&dib_tag=se&qid=1713857720&s=books&sr=1-35,11,"[{'Comment': 'I hope this is  only one of the best book for become a successful trader.......', 'Source': '', 'CommentDate': '2023-11-30', 'rating': 5.0, 'max_rating': 5, 'average_rating': 4.6}, {'Comment': 'You need to have patients to read the book it has a lot of information & insight but once you are done you will be ready start managing your finance in a intelligent way reply good book of fundamentals', 'Source': '', 'CommentDate': '2023-06-29', 'rating': 5.0, 'max_rating': 5, 'average_rating': 4.6}, {'Comment': ""Everything about the stock market, mutual funds and bounds is covered and explained. It's a source of real information for an investor. However, the finance language used is somewhat heavy for a layman! Thanks to the commentary that simplifies the chapters."", 'Source': '', 'CommentDate': '2022-01-15', 'rating': 4.0, 'max_rating': 5, 'average_rating': 4.6}, {'Comment': 'Details are very deep and good for starters.', 'Source': '', 'CommentDate': '2023-02-16', 'rating': 5.0, 'max_rating': 5, 'average_rating': 4.6}, {'Comment': 'Before I don‚Äôt know anything about investing.', 'Source': '', 'CommentDate': '2021-04-15', 'rating': 5.0, 'max_rating': 5, 'average_rating': 4.6}, {'Comment': 'A book that has stood the test of time... It captures your attention despite its technical nature.', 'Source': '', 'CommentDate': '2020-08-07', 'rating': 5.0, 'max_rating': 5, 'average_rating': 4.6}, {'Comment': 'One of the few books out there that helps you think', 'Source': '', 'CommentDate': '2020-11-09', 'rating': 5.0, 'max_rating': 5, 'average_rating': 4.6}, {'Comment': ""The book cover and papers are printed in the lowest quality paper. Don't recommend."", 'Source': '', 'CommentDate': '2024-03-29', 'rating': 1.0, 'max_rating': 5, 'average_rating': 4.6}, {'Comment': 'Principles well organized.', 'Source': '', 'CommentDate': '2020-10-25', 'rating': 4.0, 'max_rating': 5, 'average_rating': 4.6}, {'Comment': 'The most SANE book written about the investment/trading INSANE world.', 'Source': '', 'CommentDate': '2020-03-19', 'rating': 4.0, 'max_rating': 5, 'average_rating': 4.6}]"
,,,Books,,Books,https://m.media-amazon.com/images/I/51VgDimJ7aL._SY445_SX342_.jpg,,0,Diary of a Wimpy Kid: Book 17,4.8,0,024158308X,True,https://www.amazon.ae/Diary-Wimpy-Kid-Book-17/dp/024158308X/ref=sr_1_34?dib=eyJ2IjoiMSJ9.IR9szXeOIg4sYCxFIRlq-z_QJruM23Je1Tq4LKI85InlLwozqSOIagLl4Y04MmXj1P-CIQtwypvfHAqed1EDp6MApBkoPdpR_53AT8_TTf2RSHZ0g2q9pW7NtxdvIzTTfODYJrPoi-VoqT9jYqT3qJ6abuL7ghlciunNvw6S5iLL-7QHKG_eZTJ75PQTSvWNvt0STU87YXEvzIs-Yvp5jR8zWXYD3iltWPt8oKFPePE.4FOAaqsf1eu2XLB0hNdibzSb69LFNM1IyIPSYxN7fKg&dib_tag=se&qid=1713857720&s=books&sr=1-34,11,"[{'Comment': 'Very nice book. Would recommend for kids.', 'Source': '', 'CommentDate': '2024-01-28', 'rating': 5.0, 'max_rating': 5, 'average_rating': 4.8}, {'Comment': 'No comments about this book.', 'Source': '', 'CommentDate': '2023-12-18', 'rating': 5.0, 'max_rating': 5, 'average_rating': 4.8}, {'Comment': 'Typical wimpy kid book.. my kids loved it.', 'Source': '', 'CommentDate': '2023-12-15', 'rating': 5.0, 'max_rating': 5, 'average_rating': 4.8}, {'Comment': 'Good for kids', 'Source': '', 'CommentDate': '2023-12-03', 'rating': 5.0, 'max_rating': 5, 'average_rating': 4.8}, {'Comment': ""My son loved this, as with all the Wimpy Kid books.  He's now hoping the author hurries up and releases another."", 'Source': '', 'CommentDate': '2023-04-28', 'rating': 5.0, 'max_rating': 5, 'average_rating': 4.8}, {'Comment': 'My son love it', 'Source': '', 'CommentDate': '2023-05-02', 'rating': 5.0, 'max_rating': 5, 'average_rating': 4.8}, {'Comment': 'Honestly this book is really nice and o would recommend it for all lovers of diary of a wimpy kid', 'Source': '', 'CommentDate': '2023-01-21', 'rating': 5.0, 'max_rating': 5, 'average_rating': 4.8}, {'Comment': 'not the best book compared to other wimpy kid books in the series', 'Source': '', 'CommentDate': '2023-10-19', 'rating': 3.0, 'max_rating': 5, 'average_rating': 4.8}, {'Comment': 'Good read and fun', 'Source': '', 'CommentDate': '2022-11-13', 'rating': 5.0, 'max_rating': 5, 'average_rating': 4.8}, {'Comment': 'ÿ¨ÿØÿßÿßÿß ŸÖŸÖŸÑ', 'Source': '', 'CommentDate': '2023-12-01', 'rating': 1.0, 'max_rating': 5, 'average_rating': 4.8}]"
,,,Books,,Books,https://m.media-amazon.com/images/I/51O-PEhX5bL._SY445_SX342_.jpg,,0,Kensuke's Kingdom (Egmont Modern Classics),4.7,0,1405281790,True,https://www.amazon.ae/Kensukes-Kingdom-Egmont-Modern-Classics/dp/1405281790/ref=sr_1_33?dib=eyJ2IjoiMSJ9.IR9szXeOIg4sYCxFIRlq-z_QJruM23Je1Tq4LKI85InlLwozqSOIagLl4Y04MmXj1P-CIQtwypvfHAqed1EDp6MApBkoPdpR_53AT8_TTf2RSHZ0g2q9pW7NtxdvIzTTfODYJrPoi-VoqT9jYqT3qJ6abuL7ghlciunNvw6S5iLL-7QHKG_eZTJ75PQTSvWNvt0STU87YXEvzIs-Yvp5jR8zWXYD3iltWPt8oKFPePE.4FOAaqsf1eu2XLB0hNdibzSb69LFNM1IyIPSYxN7fKg&dib_tag=se&qid=1713857720&s=books&sr=1-33,11,"[{'Comment': 'For school', 'Source': '', 'CommentDate': '2022-03-05', 'rating': 5.0, 'max_rating': 5, 'average_rating': 4.7}, {'Comment': 'Ha llegado s√∫per r√°pido y la tem√°tica mi hijo le encanta. Al principio le cost√≥ un poco la lectura, pero se hizo poco a poco', 'Source': '', 'CommentDate': '2024-02-13', 'rating': 0.0, 'max_rating': 5, 'average_rating': 4.7}, {'Comment': 'Taught this book in the 6th grade for 3 years straight as extensive reading. Its amazing to teach countries and cultures, vocabulary, some verb tenses and especially values and theme.', 'Source': '', 'CommentDate': '2022-03-20', 'rating': 0.0, 'max_rating': 5, 'average_rating': 4.7}, {'Comment': ""Love Michael Morpurgo and I had not read this. I wasn't disappointed and would highly recommend."", 'Source': '', 'CommentDate': '2024-04-11', 'rating': 0.0, 'max_rating': 5, 'average_rating': 4.7}, {'Comment': 'We used this for homeschool, and it would be a good book for grade 4 to grade 9.  The story is SO well-written, it is hard to find books of this caliber for kids.  I read it and enjoyed it immensely as an adult.  It is written so convincingly that I thought it might be non-fiction, but after some research, I found it is fiction, but based on many things that have happened (military personnel being stranded on an island), or do happen (turtles hatch at night), all woven into a well-told story.', 'Source': '', 'CommentDate': '2023-11-01', 'rating': 0.0, 'max_rating': 5, 'average_rating': 4.7}, {'Comment': 'Perfetto!', 'Source': '', 'CommentDate': '2020-01-09', 'rating': 0.0, 'max_rating': 5, 'average_rating': 4.7}, {'Comment': 'Conforme', 'Source': '', 'CommentDate': '2023-07-18', 'rating': 0.0, 'max_rating': 5, 'average_rating': 4.7}, {'Comment': ""Achet√© √† la demande de l'√©cole"", 'Source': '', 'CommentDate': '2019-11-28', 'rating': 0.0, 'max_rating': 5, 'average_rating': 4.7}, {'Comment': 'Es un libro que se deja leer y est√° interesante. Para un nivel B1 ingl√©s estupendo. Nos lo aconsejaron en la Escuela Oficial de Idiomas para practicar leyendo y adquirir m√°s vocabulario.', 'Source': '', 'CommentDate': '2021-09-29', 'rating': 0.0, 'max_rating': 5, 'average_rating': 4.7}, {'Comment': ""A beautiful award winning book - and for good reason. I like well written children's books - and this is one of the best."", 'Source': '', 'CommentDate': '2024-02-16', 'rating': 0.0, 'max_rating': 5, 'average_rating': 4.7}]"
,,,Books,,Books,https://m.media-amazon.com/images/I/41alUjROZ5L._SY445_SX342_.jpg,,0,The 5 Am Club,4.5,0,0008312834,True,https://www.amazon.ae/5-Am-Club-Robin-Sharma/dp/0008312834/ref=sr_1_32?dib=eyJ2IjoiMSJ9.IR9szXeOIg4sYCxFIRlq-z_QJruM23Je1Tq4LKI85InlLwozqSOIagLl4Y04MmXj1P-CIQtwypvfHAqed1EDp6MApBkoPdpR_53AT8_TTf2RSHZ0g2q9pW7NtxdvIzTTfODYJrPoi-VoqT9jYqT3qJ6abuL7ghlciunNvw6S5iLL-7QHKG_eZTJ75PQTSvWNvt0STU87YXEvzIs-Yvp5jR8zWXYD3iltWPt8oKFPePE.4FOAaqsf1eu2XLB0hNdibzSb69LFNM1IyIPSYxN7fKg&dib_tag=se&qid=1713857720&s=books&sr=1-32,11,"[{'Comment': 'I always wanted to start waking up early but I needed to find a good reason for it. The book was written in a very nice way as a story but at the same time great models, approaches were shared.', 'Source': '', 'CommentDate': '2022-07-23', 'rating': 5.0, 'max_rating': 5, 'average_rating': 4.5}, {'Comment': 'You get attached', 'Source': '', 'CommentDate': '2022-11-13', 'rating': 5.0, 'max_rating': 5, 'average_rating': 4.5}, {'Comment': 'Poorly written and boring', 'Source': '', 'CommentDate': '2023-04-30', 'rating': 3.0, 'max_rating': 5, 'average_rating': 4.5}, {'Comment': 'This book is SO MUCH MORE than what the title suggests. When implemented, it is truly life-changing! I wake up at 5am and, after working out and meditating, I continue to read and learn the book while I implement everything I am learning on a daily basis! I feel like I have a mentor guiding me to success and to be a better human being!', 'Source': '', 'CommentDate': '2020-05-07', 'rating': 5.0, 'max_rating': 5, 'average_rating': 4.5}, {'Comment': 'Nice book', 'Source': '', 'CommentDate': '2022-07-30', 'rating': 5.0, 'max_rating': 5, 'average_rating': 4.5}, {'Comment': 'Life changing.. 5AM concept indeed transformed my morning routine..20/20/20 rule. Working toward implementing the 10 tactics of lifelong genuis.', 'Source': '', 'CommentDate': '2021-04-30', 'rating': 5.0, 'max_rating': 5, 'average_rating': 4.5}, {'Comment': 'Love the book.', 'Source': '', 'CommentDate': '2021-06-24', 'rating': 5.0, 'max_rating': 5, 'average_rating': 4.5}, {'Comment': ""Very poorly written book. It is more of a compilation of quotes from famous and / or successful ever lived human beings. It worth to read the last 100 pages only or even check author' Youtube video, more helpful and you would not feel that you wasted your time."", 'Source': '', 'CommentDate': '2023-02-13', 'rating': 2.0, 'max_rating': 5, 'average_rating': 4.5}, {'Comment': 'Paper quality is cheap am sure this is fake copy book', 'Source': '', 'CommentDate': '2022-07-24', 'rating': 3.0, 'max_rating': 5, 'average_rating': 4.5}, {'Comment': 'It was my fault that I didn‚Äôt read the reviews before purchasing it .', 'Source': '', 'CommentDate': '2023-08-31', 'rating': 1.0, 'max_rating': 5, 'average_rating': 4.5}]"
,,,Computers,,Computers,https://m.media-amazon.com/images/I/71ngLTokjKL.__AC_SX300_SY300_QL70_ML2_.jpg,,300.0,"HUATOL Overbed Adjustable Table, Swivel Wheel Rolling Tray - Foldable Bedside Home Desk,Pneumatic Mobile Laptop Computer Standing Desk Cart with Tray",2.8,0,B0BWTXHTPW,True,https://www.amazon.ae/sspa/click?ie=UTF8&spc=MTo4MzgzMDY3NTM5NDU4MTEzOjE3MTM4NTc3MTg6c3BfYnRmX2Jyb3dzZTozMDAxNjUyMDQxMTQzMzI6OjA6Og&url=%2FHUATOL-Overbed-Adjustable-Swivel-Rolling%2Fdp%2FB0BWTXHTPW%2Fref%3Dsr_1_57_sspa%3Fdib%3DeyJ2IjoiMSJ9.bazJlQ1fmdwIJzMthc76sHoXP16kyuzQM-4dCp6TlSaJtPL1XI3sFSUlQM6KGdXTMYLrPs4FbCqQiObwW1ZMGxoTk-qTqRjCo-3-Y25VXJ2TGqkTbcDX70_mXXKBC1e_7y3KPapUfp3fBdqrN_RzSXiy--kAn0A5Vw3KL_JlbHOMJzsIrkn3fpKdACW8uYoRqNPd5yhvWoRJlGftWntnXNPQkhWMNKRZ3qG8frGDrCkWaNmNP7UhTbdbyj834kmEw-dHqZH3JN97eefLo9z2b7kdN_kO-g_bjwZga63HVss.LNwPV9yYQeRAKLwZfbk82fPyMRvQDY5X0gJHPLtC8NI%26dib_tag%3Dse%26qid%3D1713857718%26s%3Dcomputers%26sr%3D1-57-spons%26sp_csd%3Dd2lkZ2V0TmFtZT1zcF9idGZfYnJvd3Nl%26psc%3D1,11,"[{'Comment': 'It looks good but it doesn‚Äôt allow your lap to be fully covered. It‚Äôs is just not long enough. I was not able to line up my laptop in front of my body  comfortably.  It‚Äôs more like a tall SIDE table for drinks and remote.', 'Source': '', 'CommentDate': '2024-01-21', 'rating': 0.0, 'max_rating': 5, 'average_rating': 2.8}, {'Comment': ""I was looking for a small side table I could use my laptop on while not spending a lot of money. Things I want to point out. The instructions do not come in English but the pictures give you enough to work with. Second like when assembling anything if it's not working step back and look closer. Everything I thought I hit a wall when stepping back I realized I had something turned the wrong way like the top."", 'Source': '', 'CommentDate': '2023-09-19', 'rating': 0.0, 'max_rating': 5, 'average_rating': 2.8}, {'Comment': 'Made different than depicted in the pictures. Just a terrible product', 'Source': '', 'CommentDate': '2024-04-11', 'rating': 0.0, 'max_rating': 5, 'average_rating': 2.8}, {'Comment': 'Tried to put this together, but the pre-drilled holes were either in the wrong spot or in some spots, not there at all. Very disappointing. Had to send back.', 'Source': '', 'CommentDate': '2023-07-08', 'rating': 0.0, 'max_rating': 5, 'average_rating': 2.8}, {'Comment': 'Nice table for the price. The adjustable top is nice so I can use it at the couch and by my desk. Took about 30 min to assemble, pretty simple. Overall good buy', 'Source': '', 'CommentDate': '2023-09-21', 'rating': 0.0, 'max_rating': 5, 'average_rating': 2.8}, {'Comment': 'The table arrived with damage. I still use it since it is lightweight and easy to move around the house. It is very easy to put together.', 'Source': '', 'CommentDate': '2023-11-01', 'rating': 0.0, 'max_rating': 5, 'average_rating': 2.8}, {'Comment': 'The description clearly says foldable but there are no hinges so it is clearly not foldable', 'Source': '', 'CommentDate': '2023-09-28', 'rating': 0.0, 'max_rating': 5, 'average_rating': 2.8}]"
,,,Books,,Books,https://m.media-amazon.com/images/I/41P6tNeNV9L._SY445_SX342_.jpg,,0,"New GCSE Physics Revision Guide inc Online Edition, Videos & Quizzes",4.6,0,1782945784,True,https://www.amazon.ae/sspa/click?ie=UTF8&spc=MTo4OTIyOTEyNDUxMzM2MTEzOjE3MTM4NTc3MzE6c3BfYnRmX2Jyb3dzZTozMDAxMDc2NjQ0OTIzMzI6OjA6Og&url=%2FPhysics-Revision-Online-Videos-Quizzes%2Fdp%2F1782945784%2Fref%3Dsr_1_54_sspa%3Fdib%3DeyJ2IjoiMSJ9.9F5iKMX_T8lDnQ70oOuwai-L8bi3z1n8rjKCIR_P4ty6ScRwD8fZJGzNLylAuvjoYe6-OyZrPajDSFcF5bRV130se-IcBkRSMxyvu01y3z9WFFwtRtqOXHOEMKn3xEvqcgwhZgmOeJrR99wNNCRjF9xyIHSJtGimrdg0ZLx0zFTIrLVKf-8kiyIrq1iHWXVg1mwHaE333z7uLszB_hA4BbH4TbpoTbPxurLhyPB39kU.TEIJ4vjkV4GgP3LRGbROmQkwu-W2SZwyrxKBFe-pXIQ%26dib_tag%3Dse%26qid%3D1713857731%26s%3Dbooks%26sr%3D1-54-spons%26sp_csd%3Dd2lkZ2V0TmFtZT1zcF9idGZfYnJvd3Nl%26psc%3D1,11,
,,,Books,,Books,https://m.media-amazon.com/images/I/41QtfPBWYwL._SY445_SX342_.jpg,,0,Grade 9-1 GCSE Physics: Edexcel Revision Guide with Online Edition,4.7,0,1782945733,True,https://www.amazon.ae/sspa/click?ie=UTF8&spc=MTo0NzU5MDkyMjM1NzUzMTEzOjE3MTM4NTc3MjA6c3BfYnRmX2Jyb3dzZTozMDAxMDc2NjQ0OTIyMzI6OjA6Og&url=%2FGrade-9-1-GCSE-Physics-Revision%2Fdp%2F1782945733%2Fref%3Dsr_1_37_sspa%3Fdib%3DeyJ2IjoiMSJ9.IR9szXeOIg4sYCxFIRlq-z_QJruM23Je1Tq4LKI85InlLwozqSOIagLl4Y04MmXj1P-CIQtwypvfHAqed1EDp6MApBkoPdpR_53AT8_TTf2RSHZ0g2q9pW7NtxdvIzTTfODYJrPoi-VoqT9jYqT3qJ6abuL7ghlciunNvw6S5iLL-7QHKG_eZTJ75PQTSvWNvt0STU87YXEvzIs-Yvp5jR8zWXYD3iltWPt8oKFPePE.4FOAaqsf1eu2XLB0hNdibzSb69LFNM1IyIPSYxN7fKg%26dib_tag%3Dse%26qid%3D1713857720%26s%3Dbooks%26sr%3D1-37-spons%26sp_csd%3Dd2lkZ2V0TmFtZT1zcF9idGZfYnJvd3Nl%26psc%3D1,11,"[{'Comment': 'Helps in exams', 'Source': '', 'CommentDate': '2023-11-11', 'rating': 5.0, 'max_rating': 5, 'average_rating': 4.7}, {'Comment': 'GOOOOOOD!', 'Source': '', 'CommentDate': '2020-03-12', 'rating': 5.0, 'max_rating': 5, 'average_rating': 4.7}, {'Comment': 'I bought this for my son and this is a great support for revision for mock exams or just simply to make sure you keep up to speed with lessons', 'Source': '', 'CommentDate': '2024-01-27', 'rating': 0.0, 'max_rating': 5, 'average_rating': 4.7}, {'Comment': 'This helps with revising. Is ok book', 'Source': '', 'CommentDate': '2024-04-10', 'rating': 0.0, 'max_rating': 5, 'average_rating': 4.7}, {'Comment': 'This is a great well written learning book that makes learning so easy from a great brand this even has an on line code to continue on the go full five stars recommend to all', 'Source': '', 'CommentDate': '2022-10-11', 'rating': 0.0, 'max_rating': 5, 'average_rating': 4.7}, {'Comment': ""It's a good book will help my daughter 5 stars for that,  but,  although purchased used on here, it did not state that the cover was ripped and it seems some water damage to the front cover too as well as more rips.  Should be honest with condition.  0 stars for that"", 'Source': '', 'CommentDate': '2022-04-27', 'rating': 0.0, 'max_rating': 5, 'average_rating': 4.7}, {'Comment': 'It‚Äôs a good book covers everything for edexcel exam board.', 'Source': '', 'CommentDate': '2022-10-02', 'rating': 0.0, 'max_rating': 5, 'average_rating': 4.7}, {'Comment': 'Exactly what my son needs for his Physics GCSE revision, has all the relevant information and is presented well in the book.', 'Source': '', 'CommentDate': '2022-10-03', 'rating': 0.0, 'max_rating': 5, 'average_rating': 4.7}, {'Comment': 'proving useful', 'Source': '', 'CommentDate': '2022-12-29', 'rating': 0.0, 'max_rating': 5, 'average_rating': 4.7}, {'Comment': 'Excellent book in easy to understand language. My son starting GCSE course in year 9 and this will help him to know what they will cover.', 'Source': '', 'CommentDate': '2016-08-24', 'rating': 0.0, 'max_rating': 5, 'average_rating': 4.7}]"
